FileName,ARCH,ASLR,DEP,Authenticode,SafeSEH
C:\Program Files\Quick Heal\Quick Heal Internet Security\ACAPPAA.EXE,I386,FALSE,FALSE,TRUE,TRUE
C:\Program Files\Quick Heal\Quick Heal Internet Security\AFUPDSVC.EXE,I386,FALSE,FALSE,TRUE,TRUE
C:\Program Files\Quick Heal\Quick Heal Internet Security\ANPHMAIL.DLL,I386,FALSE,FALSE,TRUE,TRUE
C:\Program Files\Quick Heal\Quick Heal Internet Security\APEUPLUG.DLL,I386,FALSE,FALSE,TRUE,TRUE
C:\Program Files\Quick Heal\Quick Heal Internet Security\APOLCTXT.DLL,I386,FALSE,FALSE,TRUE,TRUE
C:\Program Files\Quick Heal\Quick Heal Internet Security\APOLPLUG.DLL,I386,FALSE,FALSE,TRUE,TRUE
C:\Program Files\Quick Heal\Quick Heal Internet Security\APPCSCAN.DLL,I386,FALSE,FALSE,FALSE,FALSE
C:\Program Files\Quick Heal\Quick Heal Internet Security\arcvsdk.dll,I386,FALSE,FALSE,FALSE,FALSE
C:\Program Files\Quick Heal\Quick Heal Internet Security\ARJSDK.DLL,I386,FALSE,FALSE,FALSE,FALSE
C:\Program Files\Quick Heal\Quick Heal Internet Security\ARKIT.EXE,I386,FALSE,FALSE,TRUE,TRUE
C:\Program Files\Quick Heal\Quick Heal Internet Security\ASAE_DLG.DLL,I386,FALSE,FALSE,TRUE,TRUE
C:\Program Files\Quick Heal\Quick Heal Internet Security\ASAPSDK.DLL,I386,FALSE,FALSE,FALSE,TRUE
C:\Program Files\Quick Heal\Quick Heal Internet Security\ASEXLENM.DLL,I386,FALSE,FALSE,TRUE,TRUE
C:\Program Files\Quick Heal\Quick Heal Internet Security\ASMAIN.EXE,I386,FALSE,FALSE,TRUE,TRUE
C:\Program Files\Quick Heal\Quick Heal Internet Security\ASPCORE.DLL,I386,FALSE,FALSE,TRUE,TRUE
C:\Program Files\Quick Heal\Quick Heal Internet Security\ASPYRES.DLL,I386,FALSE,FALSE,TRUE,N/A
C:\Program Files\Quick Heal\Quick Heal Internet Security\ASREPSUB.DLL,I386,FALSE,FALSE,TRUE,TRUE
C:\Program Files\Quick Heal\Quick Heal Internet Security\ASRES.DLL,I386,FALSE,FALSE,TRUE,TRUE
C:\Program Files\Quick Heal\Quick Heal Internet Security\AVCAILIB.DLL,I386,FALSE,FALSE,TRUE,TRUE
C:\Program Files\Quick Heal\Quick Heal Internet Security\BCGCBPRO1210u90.dll,I386,FALSE,FALSE,FALSE,TRUE
C:\Program Files\Quick Heal\Quick Heal Internet Security\BCGPStyle2007Silver1210.dll,I386,FALSE,FALSE,TRUE,FALSE
C:\Program Files\Quick Heal\Quick Heal Internet Security\BDSRES.DLL,I386,FALSE,FALSE,TRUE,N/A
C:\Program Files\Quick Heal\Quick Heal Internet Security\BKDRUPDT.DLL,I386,FALSE,FALSE,TRUE,TRUE
C:\Program Files\Quick Heal\Quick Heal Internet Security\boot.dll,I386,FALSE,FALSE,FALSE,FALSE
C:\Program Files\Quick Heal\Quick Heal Internet Security\BOOTSCAN.DLL,I386,FALSE,FALSE,FALSE,FALSE
C:\Program Files\Quick Heal\Quick Heal Internet Security\BRFFOLD.DLL,I386,FALSE,FALSE,TRUE,TRUE
C:\Program Files\Quick Heal\Quick Heal Internet Security\CDRW_NTL.DLL,I386,FALSE,FALSE,FALSE,FALSE
C:\Program Files\Quick Heal\Quick Heal Internet Security\CTRLLIB.DLL,I386,FALSE,FALSE,TRUE,TRUE
C:\Program Files\Quick Heal\Quick Heal Internet Security\DA.EXE,UNKNOWN,FALSE,FALSE,FALSE,TRUE
C:\Program Files\Quick Heal\Quick Heal Internet Security\dataproc.dll,I386,FALSE,FALSE,FALSE,FALSE
C:\Program Files\Quick Heal\Quick Heal Internet Security\DELNBOOT.EXE,I386,FALSE,FALSE,TRUE,FALSE
C:\Program Files\Quick Heal\Quick Heal Internet Security\DELONNB.DLL,I386,FALSE,FALSE,TRUE,TRUE
C:\Program Files\Quick Heal\Quick Heal Internet Security\DISASM.DLL,I386,FALSE,FALSE,FALSE,FALSE
C:\Program Files\Quick Heal\Quick Heal Internet Security\DISKAPI.DLL,I386,FALSE,FALSE,TRUE,TRUE
C:\Program Files\Quick Heal\Quick Heal Internet Security\DISKWIN.DLL,I386,FALSE,FALSE,FALSE,FALSE
C:\Program Files\Quick Heal\Quick Heal Internet Security\DMGCLNR.DLL,I386,FALSE,FALSE,TRUE,TRUE
C:\Program Files\Quick Heal\Quick Heal Internet Security\dospoly.dll,I386,FALSE,FALSE,FALSE,FALSE
C:\Program Files\Quick Heal\Quick Heal Internet Security\DRVCOMM.DLL,I386,FALSE,FALSE,FALSE,FALSE
C:\Program Files\Quick Heal\Quick Heal Internet Security\DUSE.DLL,I386,FALSE,FALSE,FALSE,FALSE
C:\Program Files\Quick Heal\Quick Heal Internet Security\ECDCORE.DLL,I386,FALSE,FALSE,TRUE,FALSE
C:\Program Files\Quick Heal\Quick Heal Internet Security\EMLPROUI.EXE,I386,FALSE,FALSE,TRUE,TRUE
C:\Program Files\Quick Heal\Quick Heal Internet Security\EMLPROXY.EXE,I386,FALSE,FALSE,TRUE,TRUE
C:\Program Files\Quick Heal\Quick Heal Internet Security\EMPXCORE.DLL,I386,FALSE,FALSE,TRUE,TRUE
C:\Program Files\Quick Heal\Quick Heal Internet Security\entescan.dll,I386,FALSE,FALSE,FALSE,FALSE
C:\Program Files\Quick Heal\Quick Heal Internet Security\FBSCH.EXE,I386,FALSE,FALSE,TRUE,TRUE
C:\Program Files\Quick Heal\Quick Heal Internet Security\filesdk.dll,I386,FALSE,FALSE,FALSE,FALSE
C:\Program Files\Quick Heal\Quick Heal Internet Security\FILEWR64.DLL,AMD64,FALSE,FALSE,TRUE,N/A
C:\Program Files\Quick Heal\Quick Heal Internet Security\FILEWRAP.DLL,I386,FALSE,FALSE,TRUE,TRUE
C:\Program Files\Quick Heal\Quick Heal Internet Security\FNSYSITF.DLL,I386,FALSE,FALSE,TRUE,TRUE
C:\Program Files\Quick Heal\Quick Heal Internet Security\GCM.DLL,I386,FALSE,FALSE,TRUE,TRUE
C:\Program Files\Quick Heal\Quick Heal Internet Security\GDIPLUS.DLL,I386,FALSE,FALSE,FALSE,FALSE
C:\Program Files\Quick Heal\Quick Heal Internet Security\GGCITF.DLL,I386,FALSE,FALSE,TRUE,TRUE
C:\Program Files\Quick Heal\Quick Heal Internet Security\GGSTUB.DLL,I386,FALSE,FALSE,TRUE,TRUE
C:\Program Files\Quick Heal\Quick Heal Internet Security\GNHLPITF.DLL,I386,FALSE,FALSE,TRUE,TRUE
C:\Program Files\Quick Heal\Quick Heal Internet Security\heurscan.dll,I386,FALSE,FALSE,FALSE,FALSE
C:\Program Files\Quick Heal\Quick Heal Internet Security\heurscn1.dll,I386,FALSE,FALSE,FALSE,FALSE
C:\Program Files\Quick Heal\Quick Heal Internet Security\heurscn2.dll,I386,FALSE,FALSE,FALSE,FALSE
C:\Program Files\Quick Heal\Quick Heal Internet Security\INCUPDT.DLL,I386,FALSE,FALSE,TRUE,TRUE
C:\Program Files\Quick Heal\Quick Heal Internet Security\INETSDK.DLL,I386,FALSE,FALSE,TRUE,TRUE
C:\Program Files\Quick Heal\Quick Heal Internet Security\INFORI.DLL,I386,FALSE,FALSE,TRUE,TRUE
C:\Program Files\Quick Heal\Quick Heal Internet Security\INFORI64.DLL,AMD64,FALSE,FALSE,TRUE,N/A
C:\Program Files\Quick Heal\Quick Heal Internet Security\libgcrypt.dll,I386,FALSE,FALSE,FALSE,FALSE
C:\Program Files\Quick Heal\Quick Heal Internet Security\libgpg-error.dll,I386,FALSE,FALSE,FALSE,FALSE
C:\Program Files\Quick Heal\Quick Heal Internet Security\lzesdk.dll,I386,FALSE,FALSE,FALSE,FALSE
C:\Program Files\Quick Heal\Quick Heal Internet Security\MACHINFO.EXE,I386,FALSE,FALSE,FALSE,TRUE
C:\Program Files\Quick Heal\Quick Heal Internet Security\MACRINFO.DLL,I386,FALSE,FALSE,FALSE,FALSE
C:\Program Files\Quick Heal\Quick Heal Internet Security\MACSCAN.DLL,I386,FALSE,FALSE,FALSE,FALSE
C:\Program Files\Quick Heal\Quick Heal Internet Security\MBFSWRAP.DLL,I386,FALSE,FALSE,FALSE,FALSE
C:\Program Files\Quick Heal\Quick Heal Internet Security\miscscan.dll,I386,FALSE,FALSE,FALSE,FALSE
C:\Program Files\Quick Heal\Quick Heal Internet Security\mltiscan.dll,I386,FALSE,FALSE,FALSE,FALSE
C:\Program Files\Quick Heal\Quick Heal Internet Security\MODLOG.DLL,I386,FALSE,FALSE,TRUE,TRUE
C:\Program Files\Quick Heal\Quick Heal Internet Security\MODSTAT.DLL,I386,FALSE,FALSE,TRUE,TRUE
C:\Program Files\Quick Heal\Quick Heal Internet Security\NATIVSCN.EXE,I386,FALSE,FALSE,FALSE,FALSE
C:\Program Files\Quick Heal\Quick Heal Internet Security\NINETSDK.DLL,I386,FALSE,FALSE,TRUE,TRUE
C:\Program Files\Quick Heal\Quick Heal Internet Security\npesdk.dll,I386,FALSE,FALSE,FALSE,FALSE
C:\Program Files\Quick Heal\Quick Heal Internet Security\NTCLNSRV.EXE,I386,FALSE,FALSE,TRUE,TRUE
C:\Program Files\Quick Heal\Quick Heal Internet Security\NTDSKAPI.DLL,I386,FALSE,FALSE,FALSE,N/A
C:\Program Files\Quick Heal\Quick Heal Internet Security\NTSYS.DLL,I386,FALSE,FALSE,FALSE,FALSE
C:\Program Files\Quick Heal\Quick Heal Internet Security\NVDISASM.DLL,I386,FALSE,FALSE,FALSE,FALSE
C:\Program Files\Quick Heal\Quick Heal Internet Security\NVFLSDK.DLL,I386,FALSE,FALSE,FALSE,FALSE
C:\Program Files\Quick Heal\Quick Heal Internet Security\NVHRLSCN.DLL,I386,FALSE,FALSE,FALSE,FALSE
C:\Program Files\Quick Heal\Quick Heal Internet Security\nvhrscn1.dll,I386,FALSE,FALSE,FALSE,FALSE
C:\Program Files\Quick Heal\Quick Heal Internet Security\nvhrscn2.dll,I386,FALSE,FALSE,FALSE,FALSE
C:\Program Files\Quick Heal\Quick Heal Internet Security\nvhurscn.dll,I386,FALSE,FALSE,FALSE,FALSE
C:\Program Files\Quick Heal\Quick Heal Internet Security\nvlzesdk.dll,I386,FALSE,FALSE,FALSE,FALSE
C:\Program Files\Quick Heal\Quick Heal Internet Security\nvpeply.dll,I386,FALSE,FALSE,FALSE,FALSE
C:\Program Files\Quick Heal\Quick Heal Internet Security\nvpeply1.dll,I386,FALSE,FALSE,FALSE,FALSE
C:\Program Files\Quick Heal\Quick Heal Internet Security\nvpeply2.dll,I386,FALSE,FALSE,FALSE,FALSE
C:\Program Files\Quick Heal\Quick Heal Internet Security\nvpescn.dll,I386,FALSE,FALSE,FALSE,FALSE
C:\Program Files\Quick Heal\Quick Heal Internet Security\nvpltfrm.dll,I386,FALSE,FALSE,FALSE,FALSE
C:\Program Files\Quick Heal\Quick Heal Internet Security\NVRGSTRY.DLL,I386,FALSE,FALSE,FALSE,FALSE
C:\Program Files\Quick Heal\Quick Heal Internet Security\NVSCHDL.DLL,I386,FALSE,FALSE,FALSE,TRUE
C:\Program Files\Quick Heal\Quick Heal Internet Security\nvscn.dll,I386,FALSE,FALSE,FALSE,FALSE
C:\Program Files\Quick Heal\Quick Heal Internet Security\nvscnsdk.dll,I386,FALSE,FALSE,FALSE,FALSE
C:\Program Files\Quick Heal\Quick Heal Internet Security\NVVRLST.DLL,I386,FALSE,FALSE,FALSE,FALSE
C:\Program Files\Quick Heal\Quick Heal Internet Security\NVWRMSCN.DLL,I386,FALSE,FALSE,FALSE,FALSE
C:\Program Files\Quick Heal\Quick Heal Internet Security\olesdk.dll,I386,FALSE,FALSE,FALSE,FALSE
C:\Program Files\Quick Heal\Quick Heal Internet Security\ONLINENT.EXE,I386,FALSE,FALSE,TRUE,TRUE
C:\Program Files\Quick Heal\Quick Heal Internet Security\ONLNALRT.DLL,I386,FALSE,FALSE,TRUE,TRUE
C:\Program Files\Quick Heal\Quick Heal Internet Security\ONLNMF.DLL,I386,FALSE,FALSE,TRUE,TRUE
C:\Program Files\Quick Heal\Quick Heal Internet Security\ONLNSVC.EXE,I386,FALSE,FALSE,TRUE,TRUE
C:\Program Files\Quick Heal\Quick Heal Internet Security\OPSCORE.DLL,I386,FALSE,FALSE,TRUE,TRUE
C:\Program Files\Quick Heal\Quick Heal Internet Security\OPSITF.DLL,I386,FALSE,FALSE,TRUE,TRUE
C:\Program Files\Quick Heal\Quick Heal Internet Security\OPSSVC.EXE,I386,FALSE,FALSE,TRUE,TRUE
C:\Program Files\Quick Heal\Quick Heal Internet Security\OPSUIIPC.DLL,I386,FALSE,FALSE,TRUE,TRUE
C:\Program Files\Quick Heal\Quick Heal Internet Security\OPSWATAI.DLL,I386,FALSE,FALSE,TRUE,TRUE
C:\Program Files\Quick Heal\Quick Heal Internet Security\PCKRSCAN.DLL,I386,FALSE,FALSE,FALSE,FALSE
C:\Program Files\Quick Heal\Quick Heal Internet Security\PCRE.DLL,I386,FALSE,FALSE,FALSE,TRUE
C:\Program Files\Quick Heal\Quick Heal Internet Security\pepoly.dll,I386,FALSE,FALSE,FALSE,FALSE
C:\Program Files\Quick Heal\Quick Heal Internet Security\pepoly1.dll,I386,FALSE,FALSE,FALSE,FALSE
C:\Program Files\Quick Heal\Quick Heal Internet Security\pepoly2.dll,I386,FALSE,FALSE,FALSE,FALSE
C:\Program Files\Quick Heal\Quick Heal Internet Security\pescan.dll,I386,FALSE,FALSE,FALSE,FALSE
C:\Program Files\Quick Heal\Quick Heal Internet Security\platform.dll,I386,FALSE,FALSE,FALSE,FALSE
C:\Program Files\Quick Heal\Quick Heal Internet Security\PSSCAN.DLL,I386,FALSE,FALSE,TRUE,TRUE
C:\Program Files\Quick Heal\Quick Heal Internet Security\QHKILL.DLL,I386,FALSE,FALSE,FALSE,FALSE
C:\Program Files\Quick Heal\Quick Heal Internet Security\QHRSCAN.EXE,I386,FALSE,FALSE,TRUE,FALSE
C:\Program Files\Quick Heal\Quick Heal Internet Security\QHZLIB.DLL,I386,FALSE,FALSE,TRUE,TRUE
C:\Program Files\Quick Heal\Quick Heal Internet Security\QUAR.DLL,I386,FALSE,FALSE,TRUE,TRUE
C:\Program Files\Quick Heal\Quick Heal Internet Security\QUHELPER.DLL,I386,FALSE,FALSE,TRUE,TRUE
C:\Program Files\Quick Heal\Quick Heal Internet Security\QUHLPSVC.EXE,I386,FALSE,FALSE,TRUE,TRUE
C:\Program Files\Quick Heal\Quick Heal Internet Security\QUICKUP.EXE,I386,FALSE,FALSE,TRUE,TRUE
C:\Program Files\Quick Heal\Quick Heal Internet Security\RARSDK.DLL,I386,FALSE,FALSE,FALSE,FALSE
C:\Program Files\Quick Heal\Quick Heal Internet Security\RCSCAN.DLL,I386,FALSE,FALSE,TRUE,TRUE
C:\Program Files\Quick Heal\Quick Heal Internet Security\reginx.dll,I386,FALSE,FALSE,TRUE,TRUE
C:\Program Files\Quick Heal\Quick Heal Internet Security\REGIST64.DLL,AMD64,FALSE,FALSE,TRUE,N/A
C:\Program Files\Quick Heal\Quick Heal Internet Security\REGISTRY.DLL,I386,FALSE,FALSE,TRUE,TRUE
C:\Program Files\Quick Heal\Quick Heal Internet Security\SACINTFC.DLL,I386,FALSE,FALSE,TRUE,TRUE
C:\Program Files\Quick Heal\Quick Heal Internet Security\SAPISLIB.DLL,I386,FALSE,FALSE,TRUE,TRUE
C:\Program Files\Quick Heal\Quick Heal Internet Security\SAPISSVC.EXE,I386,FALSE,FALSE,TRUE,TRUE
C:\Program Files\Quick Heal\Quick Heal Internet Security\scan.dll,I386,FALSE,FALSE,FALSE,FALSE
C:\Program Files\Quick Heal\Quick Heal Internet Security\SCANAPI.DLL,I386,FALSE,FALSE,FALSE,FALSE
C:\Program Files\Quick Heal\Quick Heal Internet Security\SCANEXL.DLL,I386,FALSE,FALSE,TRUE,TRUE
C:\Program Files\Quick Heal\Quick Heal Internet Security\SCANNER.EXE,I386,FALSE,FALSE,TRUE,TRUE
C:\Program Files\Quick Heal\Quick Heal Internet Security\scansdk.dll,I386,FALSE,FALSE,FALSE,FALSE
C:\Program Files\Quick Heal\Quick Heal Internet Security\SCANSTS.DLL,I386,FALSE,FALSE,TRUE,TRUE
C:\Program Files\Quick Heal\Quick Heal Internet Security\SCANWSCS.EXE,I386,FALSE,FALSE,TRUE,TRUE
C:\Program Files\Quick Heal\Quick Heal Internet Security\SCINSUNS.DLL,I386,FALSE,FALSE,TRUE,TRUE
C:\Program Files\Quick Heal\Quick Heal Internet Security\SCSECSVC.EXE,I386,FALSE,FALSE,TRUE,TRUE
C:\Program Files\Quick Heal\Quick Heal Internet Security\SETUPCFG.DLL,I386,FALSE,FALSE,TRUE,TRUE
C:\Program Files\Quick Heal\Quick Heal Internet Security\SMFLTR.DLL,I386,FALSE,FALSE,TRUE,TRUE
C:\Program Files\Quick Heal\Quick Heal Internet Security\SPCONF.EXE,I386,FALSE,FALSE,TRUE,TRUE
C:\Program Files\Quick Heal\Quick Heal Internet Security\SPORDER.DLL,I386,FALSE,FALSE,FALSE,FALSE
C:\Program Files\Quick Heal\Quick Heal Internet Security\SPYDLL.DLL,I386,FALSE,FALSE,TRUE,TRUE
C:\Program Files\Quick Heal\Quick Heal Internet Security\STRTLIB.DLL,I386,FALSE,FALSE,TRUE,TRUE
C:\Program Files\Quick Heal\Quick Heal Internet Security\STRTUPAP.EXE,I386,FALSE,FALSE,TRUE,TRUE
C:\Program Files\Quick Heal\Quick Heal Internet Security\TRACKDLG.DLL,I386,FALSE,FALSE,TRUE,TRUE
C:\Program Files\Quick Heal\Quick Heal Internet Security\TRACKERS.DLL,I386,FALSE,FALSE,TRUE,TRUE
C:\Program Files\Quick Heal\Quick Heal Internet Security\UINSMF64.EXE,AMD64,FALSE,FALSE,TRUE,N/A
C:\Program Files\Quick Heal\Quick Heal Internet Security\UINSTSVC.EXE,I386,FALSE,FALSE,TRUE,TRUE
C:\Program Files\Quick Heal\Quick Heal Internet Security\UNARJ32.DLL,I386,FALSE,FALSE,FALSE,FALSE
C:\Program Files\Quick Heal\Quick Heal Internet Security\UPLDFILE.DLL,I386,FALSE,FALSE,TRUE,TRUE
C:\Program Files\Quick Heal\Quick Heal Internet Security\UPSDSVC.DLL,I386,FALSE,FALSE,TRUE,TRUE
C:\Program Files\Quick Heal\Quick Heal Internet Security\USBPRCTN.EXE,I386,FALSE,FALSE,TRUE,TRUE
C:\Program Files\Quick Heal\Quick Heal Internet Security\vbsscan.dll,I386,FALSE,FALSE,FALSE,FALSE
C:\Program Files\Quick Heal\Quick Heal Internet Security\VIRLIST.DLL,I386,FALSE,FALSE,FALSE,FALSE
C:\Program Files\Quick Heal\Quick Heal Internet Security\VIRSTAT.DLL,I386,FALSE,FALSE,TRUE,TRUE
C:\Program Files\Quick Heal\Quick Heal Internet Security\VSCANNER.DLL,I386,FALSE,FALSE,TRUE,TRUE
C:\Program Files\Quick Heal\Quick Heal Internet Security\WORMSCAN.DLL,I386,FALSE,FALSE,FALSE,FALSE
C:\Program Files\Quick Heal\Quick Heal Internet Security\WSTIFAPI.DLL,I386,FALSE,FALSE,TRUE,TRUE
C:\Program Files\Quick Heal\Quick Heal Internet Security\XALAN-C.DLL,I386,FALSE,FALSE,FALSE,TRUE
C:\Program Files\Quick Heal\Quick Heal Internet Security\xalanmessages.dll,I386,FALSE,FALSE,FALSE,TRUE
C:\Program Files\Quick Heal\Quick Heal Internet Security\XERCES-C.DLL,I386,FALSE,FALSE,FALSE,TRUE
C:\Program Files\Quick Heal\Quick Heal Internet Security\XMLLITE.DLL,I386,FALSE,FALSE,FALSE,TRUE
C:\Program Files\Quick Heal\Quick Heal Internet Security\ZLIBWAPI.DLL,I386,FALSE,FALSE,FALSE,FALSE
